Bundesland,Jahr,Hauptwerkstätten,Zweigwerkstätten,Summe der Betriebsst.,EV+BBB,Arbeitsbereich inkl. FG mit Sozialversich.,Summe bel. Plätze,Förderstätten,Pl. Förderst. nach § 136 Abs. 3 SGB IX,Gesamtsumme aller Plätze,Integrationsprojekte,Pl. Integrationsprojekte,Inklusionsbetriebe,Plätze Inklusionsbetriebe
Baden-Württemberg,2009,93,237,332,3627,26238,29865,142,3159,33024,23.0,,,
Bayern,2009,105,152,255,3451,28993,32444,78,1828,34272,40.0,,,
Berlin,2009,18,62,80,1372,5971,7343,39,1277,8620,2.0,,,
Brandenburg,2009,26,82,108,1460,7953,9413,40,629,10042,2.0,,,
Bremen,2009,4,57,61,334,2526,2860,3,59,2919,1.0,,,
Hamburg,2009,4,44,48,744,2901,3645,0,0,3645,2.0,,,
Hessen,2009,46,98,144,2034,14143,16177,50,1102,17279,32.0,,,
Mecklenburg-Vorp.,2009,22,69,91,856,6704,7560,27,252,7812,10.0,,,
Niedersachsen,2009,64,186,250,3338,24132,27470,63,1160,28630,12.0,,,
Nordrhein-Westfalen,2009,102,331,433,9018,59108,68126,0,0,68126,26.0,,,
Rheinland-Pfalz,2009,36,87,123,1598,12079,13677,9,314,13991,17.0,,,
Saarland,2009,9,20,29,319,2892,3211,5,127,3338,1.0,,,
Sachsen,2009,42,86,128,1465,10584,12049,41,554,12603,4.0,,,
Sachsen-Anhalt,2009,33,80,113,1444,9271,10715,37,552,11267,2.0,,,
Schleswig-Holstein,2009,32,95,127,1533,9641,11174,20,250,11424,3.0,,,
Thüringen,2009,30,68,98,1216,8233,9449,35,760,10209,3.0,,,
Baden-Württemberg,2010,94,224,318,3532,25984,29516,146,3827,33343,37.0,,,
Bayern,2010,105,158,263,3398,30003,33401,81,2140,35541,44.0,,,
Berlin,2010,18,58,84,1310,6340,7650,37,1313,8963,6.0,,,
Brandenburg,2010,26,81,107,1312,8329,9641,39,654,10295,3.0,,,
Bremen,2010,4,57,61,353,2570,2923,3,63,2986,2.0,,,
Hamburg,2010,4,46,50,783,3088,3871,0,0,3871,3.0,,,
Hessen,2010,46,103,149,2018,14524,16542,41,1171,17713,26.0,,,
Mecklenburg-Vorp.,2010,22,75,97,794,6954,7748,28,305,8053,3.0,,,
Niedersachsen,2010,65,195,260,3404,24818,28222,72,1204,29426,17.0,,,
Nordrhein-Westfalen,2010,103,341,444,8912,61225,70137,0,0,70137,37.0,,,
Rheinland-Pfalz,2010,36,96,132,1604,12343,13947,8,314,14261,24.0,,,
Saarland,2010,9,21,30,297,2929,3226,3,69,3295,1.0,,,
Sachsen,2010,44,82,126,1437,11094,12531,42,605,13136,9.0,,,
Sachsen-Anhalt,2010,33,80,113,1361,9579,10940,37,562,11502,1.0,,,
Schleswig-Holstein,2010,33,110,143,1589,10054,11643,20,280,11923,5.0,,,
Thüringen,2010,30,66,96,1183,8470,9653,35,786,10439,3.0,,,
Baden-Württemberg,2011,95,221,316,4497,25653,30150,146,3949,34099,36.0,392.0,,
Bayern,2011,107,173,282,3875,30221,34096,87,2296,36392,47.0,360.0,,
Berlin,2011,18,67,85,1234,6578,7813,38,1330,9143,6.0,331.0,,
Brandenburg,2011,26,80,106,1115,8748,9863,39,680,10543,2.0,8.0,,
Bremen,2011,4,55,59,331,2622,2953,3,64,3017,1.0,9.0,,
Hamburg,2011,4,44,48,798,3309,4107,0,0,4107,3.0,64.0,,
Hessen,2011,47,108,155,2056,14942,16998,50,1184,18192,21.0,268.0,,
Mecklenburg-Vorp.,2011,22,83,105,820,7059,7879,31,333,8212,8.0,53.0,,
Niedersachsen,2011,68,203,271,3405,25363,28768,76,1277,30045,11.0,68.0,,
Nordrhein-Westfalen,2011,103,348,451,8757,63093,71850,0,0,71850,29.0,338.0,,
Rheinland-Pfalz,2011,36,102,138,1557,12646,14203,9,324,14527,19.0,177.0,,
Saarland,2011,10,22,32,303,3110,3413,2,67,3480,2.0,31.0,,
Sachsen,2011,45,84,129,1368,11558,12926,43,631,13557,6.0,28.0,,
Sachsen-Anhalt,2011,33,84,117,1177,9961,11138,36,571,11709,1.0,4.0,,
Schleswig-Holstein,2011,33,123,156,2110,9802,11912,21,334,12246,6.0,89.0,,
Thüringen,2011,30,73,104,1157,8613,9770,35,822,10592,12.0,53.0,,
Baden-Württemberg,2012,96,230,326,4450,26031,30481,168,4526,35007,32.0,363.0,,
Bayern,2012,107,169,276,3838,30746,34584,89,2428,37012,58.0,371.0,,
Berlin,2012,18,66,84,1096,6852,7948,40,1335,9283,6.0,242.0,,
Brandenburg,2012,26,91,117,1006,9004,10010,39,694,10704,4.0,18.0,,
Bremen,2012,4,56,60,328,2658,2986,3,60,3046,1.0,12.0,,
Hamburg,2012,2,32,34,658,3610,4268,0,0,4268,0.0,0.0,,
Hessen,2012,47,107,154,1981,15193,17174,50,1239,18413,21.0,295.0,,
Mecklenburg-Vorp.,2012,22,83,105,762,7205,7967,32,350,8317,9.0,37.0,,
Niedersachsen,2012,71,199,270,3238,26155,29393,77,1329,30722,9.0,101.0,,
Nordrhein-Westfalen,2012,103,361,464,8648,64656,73304,0,0,73304,48.0,477.0,,
Rheinland-Pfalz,2012,36,104,140,1626,12859,14485,8,288,14773,29.0,220.0,,
Saarland,2012,10,21,31,366,3155,3521,2,70,3591,2.0,35.0,,
Sachsen,2012,45,86,131,1244,11823,13067,42,629,13696,6.0,23.0,,
Sachsen-Anhalt,2012,33,87,120,1087,10180,11267,37,571,11838,1.0,4.0,,
Schleswig-Holstein,2012,32,127,159,1510,10615,12125,23,380,12505,4.0,33.0,,
Thüringen,2012,30,74,104,1142,8842,9984,34,830,10814,20.0,66.0,,
Baden-Württemberg,2013,97,245,342,5215,25693,30908,164,4950,35858,28.0,397.0,,
Bayern,2013,108,175,283,3279,31255,34534,88,2459,36993,61.0,381.0,,
Berlin,2013,18,65,83,1104,7048,8152,42,1342,9494,6.0,227.0,,
Brandenburg,2013,26,90,116,987,9256,10243,41,702,10945,5.0,22.0,,
Bremen,2013,4,57,61,340,2705,3045,3,61,3106,1.0,12.0,,
Hamburg,2013,2,17,19,576,3588,4164,0,0,4164,1.0,22.0,,
Hessen,2013,47,106,153,2013,15438,17451,53,1295,18746,20.0,294.0,,
Mecklenburg-Vorp.,2013,21,89,110,713,7380,8093,33,377,8470,9.0,38.0,,
Niedersachsen,2013,73,215,288,3239,26741,29980,80,1386,31366,12.0,107.0,,
Nordrhein-Westfalen,2013,103,373,476,8833,66113,74946,0,0,74946,77.0,516.0,,
Rheinland-Pfalz,2013,36,113,149,1631,13071,14702,9,332,15034,30.0,235.0,,
Saarland,2013,10,22,32,392,3198,3590,2,70,3660,2.0,35.0,,
Sachsen,2013,45,85,130,1077,11543,12620,48,666,13286,16.0,76.0,,
Sachsen-Anhalt,2013,33,89,122,1382,10001,11383,37,587,11970,1.0,4.0,,
Schleswig-Holstein,2013,32,125,157,1386,10769,12155,27,410,12565,4.0,23.0,,
Thüringen,2013,29,75,104,1065,8616,9681,36,809,10490,19.0,65.0,,
Baden-Württemberg,2014,97,228,325,3552,25908,29460,164,4503,33963,42.0,433.0,,
Bayern,2014,108,182,290,3829,31696,35525,95,2677,38202,58.0,422.0,,
Berlin,2014,17,79,96,1074,7194,8268,43,1372,9640,9.0,349.0,,
Brandenburg,2014,26,93,119,1022,9369,10391,41,712,11103,4.0,17.0,,
Bremen,2014,4,60,64,332,2744,3076,3,63,3139,2.0,19.0,,
Hamburg,2014,2,16,18,535,3593,4128,0,0,4128,1.0,30.0,,
Hessen,2014,48,113,161,2017,15803,17820,53,1364,19184,16.0,254.0,,
Mecklenburg-Vorp.,2014,21,91,112,690,7449,8139,32,395,8534,2.0,13.0,,
Niedersachsen,2014,73,215,288,3266,27309,30575,83,1439,32014,13.0,130.0,,
Nordrhein-Westfalen,2014,102,375,477,8712,67012,75724,2,0,75724,61.0,509.0,,
Rheinland-Pfalz,2014,36,106,142,1644,13215,14859,13,419,15278,16.0,111.0,,
Saarland,2014,10,21,31,367,3289,3656,2,71,3727,2.0,31.0,,
Sachsen,2014,44,85,129,974,11101,12075,47,644,12719,9.0,67.0,,
Sachsen-Anhalt,2014,33,95,128,949,10498,11447,38,590,12037,2.0,9.0,,
Schleswig-Holstein,2014,34,145,179,1390,11035,12425,31,526,12951,6.0,31.0,,
Thüringen,2014,30,76,106,1004,9234,10238,37,862,11100,11.0,71.0,,
Baden-Württemberg,2015,96,236,332,3507,25940,29447,161,4612,34059,38.0,449.0,,
Bayern,2015,108,195,303,3789,32076,35865,105,2906,38771,38.0,427.0,,
Berlin,2015,17,82,99,1073,7368,8441,43,1384,9825,6.0,156.0,,
Brandenburg,2015,26,94,120,995,9483,10478,41,739,11217,3.0,12.0,,
Bremen,2015,4,60,64,313,2757,3070,3,67,3137,1.0,12.0,,
Hamburg,2015,2,16,18,572,3611,4183,0,0,4183,1.0,30.0,,
Hessen,2015,47,112,159,2008,16246,18254,54,1526,19780,13.0,249.0,,
Mecklenburg-Vorp.,2015,21,95,116,641,7471,8112,32,412,8524,2.0,19.0,,
Niedersachsen,2015,73,228,301,3184,27756,30940,80,1491,32431,12.0,135.0,,
Nordrhein-Westfalen,2015,102,375,477,8320,68361,76681,0,0,76681,61.0,568.0,,
Rheinland-Pfalz,2015,36,108,144,1631,13427,15058,10,384,15442,16.0,116.0,,
Saarland,2015,10,21,31,338,3358,3696,2,69,3765,1.0,20.0,,
Sachsen,2015,43,81,124,976,10910,11886,45,640,12526,10.0,60.0,,
Sachsen-Anhalt,2015,33,96,129,873,10623,11496,55,590,12086,2.0,9.0,,
Schleswig-Holstein,2015,34,146,180,1669,10874,12543,34,559,13102,5.0,33.0,,
Thüringen,2015,30,78,108,941,9228,10169,39,881,11050,6.0,32.0,,
Baden-Württemberg,2016,96,246,342,3094,26390,29484,174,4922,34406,50.0,555.0,,
Bayern,2016,108,197,308,3284,32769,36053,109,3134,39187,42.0,363.0,,
Berlin,2016,17,91,108,1107,7458,8565,43,1383,9948,4.0,158.0,,
Brandenburg,2016,26,98,124,944,9557,10501,44,774,11275,3.0,15.0,,
Bremen,2016,4,60,64,274,2734,3008,3,68,3076,2.0,21.0,,
Hamburg,2016,2,16,18,537,3672,4209,0,0,4209,1.0,30.0,,
Hessen,2016,47,117,164,2131,16297,18428,53,1588,20016,22.0,295.0,,
Mecklenburg-Vorp.,2016,21,94,115,599,7522,8121,34,443,8564,1.0,7.0,,
Niedersachsen,2016,72,234,306,3171,28107,31278,83,1557,32835,10.0,92.0,,
Nordrhein-Westfalen,2016,102,399,501,8443,68864,77307,0,0,77307,33.0,503.0,,
Rheinland-Pfalz,2016,36,107,143,1912,13217,15129,12,388,15517,17.0,141.0,,
Saarland,2016,10,20,30,341,3374,3715,2,69,3784,1.0,20.0,,
Sachsen,2016,41,79,120,942,10531,11473,46,643,12116,11.0,71.0,,
Sachsen-Anhalt,2016,33,98,131,881,10578,11459,37,585,12044,15.0,58.0,,
Schleswig-Holstein,2016,35,144,179,1495,11237,12732,33,623,13355,5.0,32.0,,
Thüringen,2016,30,79,109,907,9255,10162,40,890,11052,9.0,61.0,,
Baden-Württemberg,2017,97,253,350,3078,26802,29880,181,4950,34830,55.0,621.0,,
Bayern,2017,110,205,315,3203,33398,36601,108,3130,39731,35.0,459.0,,
Berlin,2017,17,80,97,1115,7547,8662,43,1393,10055,3.0,152.0,,
Brandenburg,2017,26,97,123,918,9638,10556,44,783,11339,3.0,14.0,,
Bremen,2017,4,59,63,278,2712,2990,3,69,3059,2.0,31.0,,
Hamburg,2017,2,16,18,551,3588,4139,0,0,4139,1.0,30.0,,
Hessen,2017,47,122,169,2230,16374,18604,55,1488,20092,17.0,303.0,,
Mecklenburg-Vorp.,2017,21,96,117,611,7426,8037,35,464,8501,1.0,12.0,,
Niedersachsen,2017,72,237,309,3226,28425,31651,87,1565,33216,10.0,105.0,,
Nordrhein-Westfalen,2017,101,408,509,8526,68651,77177,0,0,77177,66.0,564.0,,
Rheinland-Pfalz,2017,36,109,145,1563,13648,15211,8,270,15481,26.0,173.0,,
Saarland,2017,10,20,30,343,3391,3734,2,68,3802,2.0,33.0,,
Sachsen,2017,40,78,118,974,10356,11330,45,648,11978,7.0,47.0,,
Sachsen-Anhalt,2017,33,101,134,862,10567,11429,37,604,12033,15.0,57.0,,
Schleswig-Holstein,2017,37,146,183,1500,11432,12932,33,662,13594,5.0,33.0,,
Thüringen,2017,30,78,108,865,9248,10113,39,893,11006,9.0,77.0,,
Baden-Württemberg,2018,97,259,356,3079,26808,29887,163,5170,35057,35.0,813.0,,
Bayern,2018,112,210,324,3192,33532,36724,108,3448,40172,17.0,461.0,,
Berlin,2018,17,93,110,1065,7687,8752,44,1394,10146,2.0,99.0,,
Brandenburg,2018,27,113,140,989,9999,10988,38,824,11812,7.0,47.0,,
Bremen,2018,4,31,35,289,2670,2959,3,71,3030,2.0,32.0,,
Hamburg,2018,2,18,20,558,3644,4202,11,256,4458,1.0,30.0,,
Hessen,2018,47,136,183,2122,16752,18874,57,1575,20449,26.0,284.0,,
Mecklenburg-Vorp.,2018,21,96,117,584,7461,8045,41,493,8538,7.0,27.0,,
Niedersachsen,2018,72,274,346,3196,28583,31779,86,1584,33363,68.0,257.0,,
Nordrhein-Westfalen,2018,101,399,500,8309,69808,78117,0,0,78117,35.0,530.0,,
Rheinland-Pfalz,2018,36,119,155,1658,13710,15368,13,373,15741,30.0,530.0,,
Saarland,2018,10,23,33,377,3387,3764,6,140,3904,6.0,121.0,,
Sachsen,2018,37,72,109,919,9863,10782,33,606,11388,10.0,96.0,,
Sachsen-Anhalt,2018,33,97,130,860,10594,11454,36,641,12095,6.0,27.0,,
Schleswig-Holstein,2018,37,183,220,1357,11534,12891,33,678,13569,15.0,101.0,,
Thüringen,2018,30,76,106,794,8863,9657,39,893,10550,12.0,127.0,,
Baden-Württemberg,2019,98,295,393,3410,29995,33405,149,6021,39426,43.0,872.0,,
Bayern,2019,112,207,323,3125,33104,36229,159,3529,39758,23.0,632.0,,
Berlin,2019,17,95,112,1068,7794,8862,45,1415,10277,3.0,98.0,,
Brandenburg,2019,27,117,144,981,9847,10828,36,758,11586,9.0,63.0,,
Bremen,2019,4,31,35,277,2715,2992,1,9,3001,2.0,39.0,,
Hamburg,2019,2,43,45,576,3726,4302,7,191,4493,1.0,35.0,,
Hessen,2019,48,135,183,1973,16860,18832,54,1661,20494,23.0,451.0,,
Mecklenburg-Vorp.,2019,22,83,105,520,6962,7483,27,507,7990,1.0,13.0,,
Niedersachsen,2019,72,279,351,3213,29693,32906,78,1693,34599,19.0,237.0,,
Nordrhein-Westfalen,2019,101,380,481,7939,68203,76142,2,307,76449,36.0,549.0,,
Rheinland-Pfalz,2019,36,120,156,1556,13956,15512,14,690,16202,36.0,316.0,,
Saarland,2019,10,23,33,348,3390,3738,2,67,3805,7.0,281.0,,
Sachsen,2019,38,66,104,829,9933,10761,34,592,11353,9.0,387.0,,
Sachsen-Anhalt,2019,33,99,132,855,10644,11498,34,639,12137,3.0,23.0,,
Schleswig-Holstein,2019,37,175,212,1486,12441,13927,32,563,14490,9.0,97.0,,
Thüringen,2019,30,83,114,911,9781,10693,36,971,11664,15.0,154.0,,
Baden-Württemberg,2020,99,285,384,2989,28089,31078,179,5776,36854,40.0,1126.0,,
Bayern,2020,113,225,338,3710,32728,36438,107,3608,40046,19.0,500.0,,
Berlin,2020,17,95,112,938,7899,8837,46,1456,10293,6.0,137.0,,
Brandenburg,2020,23,105,128,864,8992,9856,43,771,10627,4.0,15.0,,
Bremen,2020,3,33,36,230,2587,2817,3,75,2892,0.0,0.0,,
Hamburg,2020,2,16,18,512,3747,4259,16,182,4441,1.0,65.0,,
Hessen,2020,48,137,185,1922,17176,19098,59,1712,20810,35.0,564.0,,
Mecklenburg-Vorp.,2020,22,94,116,577,7681,8258,40,534,8792,2.0,19.0,,
Niedersachsen,2020,74,297,371,3183,29428,32611,92,1750,34361,30.0,266.0,,
Nordrhein-Westfalen,2020,102,413,515,8253,70680,78933,0,0,78933,49.0,948.0,,
Rheinland-Pfalz,2020,36,119,155,1416,13950,15366,15,658,16024,26.0,438.0,,
Saarland,2020,9,24,33,353,3453,3806,1,32,3838,7.0,126.0,,
Sachsen,2020,36,79,115,1090,9437,10527,43,620,11147,8.0,99.0,,
Sachsen-Anhalt,2020,33,103,136,1219,10199,11418,40,674,12092,16.0,37.0,,
Schleswig-Holstein,2020,37,191,228,1248,11763,13011,42,777,13788,8.0,293.0,,
Thüringen,2020,30,71,101,811,9012,9823,40,919,10742,15.0,148.0,,
Baden-Württemberg,2021,99,295,394,2812,27942,30754,175,5688,36442,,,52.0,992.0
Bayern,2021,113,241,354,2803,34416,37219,107,3518,40737,,,19.0,523.0
Berlin,2021,16,84,100,692,6535,7227,40,1307,8534,,,12.0,283.0
Brandenburg,2021,23,110,133,768,9020,9788,36,762,10550,,,5.0,13.0
Bremen,2021,3,35,38,198,2598,2796,3,76,2872,,,0.0,0.0
Hamburg,2021,2,16,18,470,3778,4248,15,178,4426,,,1.0,59.0
Hessen,2021,50,140,190,1645,16975,18620,60,1740,20360,,,38.0,530.0
Mecklenburg-Vorp.,2021,22,98,120,524,7615,8139,32,541,8680,,,2.0,28.0
Niedersachsen,2021,74,304,378,2970,29464,32434,85,1726,34160,,,23.0,225.0
Nordrhein-Westfalen,2021,104,416,520,7667,70951,78618,0,0,78618,,,48.0,787.0
Rheinland-Pfalz,2021,36,124,160,1358,13911,15269,12,547,15816,,,26.0,435.0
Saarland,2021,9,24,33,322,3470,3792,1,31,3823,,,6.0,88.0
Sachsen,2021,36,80,116,789,9660,10449,42,628,11077,,,9.0,251.0
Sachsen-Anhalt,2021,33,103,136,862,10494,11356,37,629,11985,,,7.0,35.0
Schleswig-Holstein,2021,37,184,221,1225,11484,12709,40,759,13468,,,12.0,230.0
Thüringen,2021,30,74,104,695,8956,9651,41,928,10579,,,14.0,146.0
